Models,train_mse,test_mse,train_r2,test_r2,train_rmse,test_rmse
RandomForestRegressor_15mins,0.0032076813988634665,0.000392989239493895,0.9789672787157883,0.4799291035179467,0.0566363964148803,0.019823956201875926
RandomForestRegressor_30mins,0.003327454313684976,0.0006783806930635546,0.9597392052922367,0.33345751830167647,0.05768409064625164,0.02604574232122315
RandomForestRegressor_1hour,0.003943436280102913,0.0006380442623147618,0.9571915020499957,0.6235992421097191,0.06279678558734446,0.02525953804634522
RandomForestRegressor_1day,0.004340113002487466,0.001928399655721183,0.9658481383669768,0.938444161574862,0.0658795340184451,0.043913547519201665
RandomForestRegressor_30days,0.00141588480961926,0.008239508371707116,0.9913953713022707,0.8862259622250401,0.03762824483840908,0.0907717377365175
